{"cameraMode":{"drawMode":0,"name":"Shaded","section":"Shading Mode"},"sceneLighting":true,"audioPlay":false,"sceneViewState":{"m_AlwaysRefresh":false,"showFog":true,"showSkybox":true,"showFlares":true,"showImageEffects":true,"showParticleSystems":true,"showVisualEffectGraphs":true,"m_FxEnabled":true},"in2DMode":false,"pivot":{"x":3.4421582221984865,"y":-0.16082890331745149,"z":11.357366561889649},"rotation":{"x":0.1256582885980606,"y":-0.01190420426428318,"z":0.0015081075252965093,"w":0.9920042753219605},"size":0.30654051899909975,"orthographic":false}