{"cameraMode":{"drawMode":0,"name":"Shaded","section":"Shading Mode"},"sceneLighting":false,"audioPlay":false,"sceneViewState":{"m_AlwaysRefresh":false,"showFog":true,"showSkybox":false,"showFlares":true,"showImageEffects":true,"showParticleSystems":true,"showVisualEffectGraphs":true,"m_FxEnabled":true},"in2DMode":false,"pivot":{"x":-0.8804452419281006,"y":1.153384804725647,"z":15.424848556518555},"rotation":{"x":0.04717692732810974,"y":-0.09864071756601334,"z":-0.004540757741779089,"w":-0.9940723776817322},"size":1.9598381519317628,"orthographic":false}