{"cameraMode":{"drawMode":0,"name":"Shaded","section":"Shading Mode"},"sceneLighting":false,"audioPlay":false,"sceneViewState":{"m_AlwaysRefresh":false,"showFog":true,"showSkybox":false,"showFlares":true,"showImageEffects":true,"showParticleSystems":true,"showVisualEffectGraphs":true,"m_FxEnabled":true},"in2DMode":false,"pivot":{"x":2.695193290710449,"y":0.556244969367981,"z":13.546235084533692},"rotation":{"x":0.11039295047521591,"y":0.35537534952163699,"z":-0.04231040179729462,"w":0.9272223711013794},"size":1.4677202701568604,"orthographic":false}