{"cameraMode":{"drawMode":0,"name":"Shaded","section":"Shading Mode"},"sceneLighting":false,"audioPlay":false,"sceneViewState":{"m_AlwaysRefresh":false,"showFog":true,"showSkybox":false,"showFlares":true,"showImageEffects":true,"showParticleSystems":true,"showVisualEffectGraphs":true,"m_FxEnabled":true},"in2DMode":false,"pivot":{"x":7.115633010864258,"y":3.2486379146575929,"z":12.861409187316895},"rotation":{"x":-0.052328288555145267,"y":0.7067874670028687,"z":-0.052363649010658267,"w":-0.7036581039428711},"size":4.095818996429443,"orthographic":false}